"Population","Allele: frequency (count)","","Genotype: frequency (count)","","","Genotype detail"
"1000GENOMES:phase_3:ALL","A: 0.387 (1938)","G: 0.613 (3070)","A|A: 0.191 (479)","A|G: 0.391 (980)","G|G: 0.417 (1045)",""
"1000GENOMES:phase_3:AFR","A: 0.190 (251)","G: 0.810 (1071)","A|A: 0.042 (28)","A|G: 0.295 (195)","G|G: 0.663 (438)",""
"  1000GENOMES:phase_3:ACB","A: 0.255 (49)","G: 0.745 (143)","A|A: 0.083 (8)","A|G: 0.344 (33)","G|G: 0.573 (55)",""
"  1000GENOMES:phase_3:ASW","A: 0.238 (29)","G: 0.762 (93)","A|A: 0.066 (4)","A|G: 0.344 (21)","G|G: 0.590 (36)",""
"  1000GENOMES:phase_3:ESN","A: 0.172 (34)","G: 0.828 (164)","A|G: 0.343 (34)","G|G: 0.657 (65)",""
"  1000GENOMES:phase_3:LWK","A: 0.177 (35)","G: 0.823 (163)","A|A: 0.030 (3)","A|G: 0.293 (29)","G|G: 0.677 (67)",""
"  1000GENOMES:phase_3:MAG","A: 0.177 (40)","G: 0.823 (186)","A|A: 0.053 (6)","A|G: 0.248 (28)","G|G: 0.699 (79)",""
"  1000GENOMES:phase_3:MSL","A: 0.135 (23)","G: 0.865 (147)","A|A: 0.024 (2)","A|G: 0.224 (19)","G|G: 0.753 (64)",""
"  1000GENOMES:phase_3:YRI","A: 0.190 (41)","G: 0.810 (175)","A|A: 0.046 (5)","A|G: 0.287 (31)","G|G: 0.667 (72)",""
"1000GENOMES:phase_3:AMR","A: 0.509 (353)","G: 0.491 (341)","A|A: 0.294 (102)","A|G: 0.429 (149)","G|G: 0.277 (96)",""
"  1000GENOMES:phase_3:CLM","A: 0.622 (117)","G: 0.378 (71)","A|A: 0.415 (39)","A|G: 0.415 (39)","G|G: 0.170 (16)",""
"  1000GENOMES:phase_3:MXL","A: 0.469 (60)","G: 0.531 (68)","A|A: 0.219 (14)","A|G: 0.500 (32)","G|G: 0.281 (18)",""
"  1000GENOMES:phase_3:PEL","A: 0.288 (49)","G: 0.712 (121)","A|A: 0.106 (9)","A|G: 0.365 (31)","G|G: 0.529 (45)",""
"  1000GENOMES:phase_3:PUR","A: 0.611 (127)","G: 0.389 (81)","A|A: 0.385 (40)","A|G: 0.452 (47)","G|G: 0.163 (17)",""
"1000GENOMES:phase_3:EAS","A: 0.197 (199)","G: 0.803 (809)","A|A: 0.036 (18)","A|G: 0.323 (163)","G|G: 0.641 (323)",""
"  1000GENOMES:phase_3:CDX","A: 0.167 (31)","G: 0.833 (155)","A|A: 0.032 (3)","A|G: 0.269 (25)","G|G: 0.699 (65)",""
"  1000GENOMES:phase_3:CHB","A: 0.175 (36)","G: 0.825 (170)","A|A: 0.039 (4)","A|G: 0.272 (28)","G|G: 0.689 (71)",""
"  1000GENOMES:phase_3:CHS","A: 0.219 (46)","G: 0.781 (164)","A|A: 0.038 (4)","A|G: 0.362 (38)","G|G: 0.600 (63)",""
"  1000GENOMES:phase_3:JPT","A: 0.264 (55)","G: 0.736 (153)","A|A: 0.058 (6)","A|G: 0.413 (43)","G|G: 0.529 (55)",""
"  1000GENOMES:phase_3:KHV","A: 0.157 (31)","G: 0.843 (167)","A|A: 0.010 (1)","A|G: 0.293 (29)","G|G: 0.697 (69)",""
"1000GENOMES:phase_3:EUR","A: 0.665 (669)","G: 0.335 (337)","A|A: 0.441 (222)","A|G: 0.447 (225)","G|G: 0.111 (56)",""
"  1000GENOMES:phase_3:CEU","A: 0.687 (136)","G: 0.313 (62)","A|A: 0.475 (47)","A|G: 0.424 (42)","G|G: 0.101 (10)",""
"  1000GENOMES:phase_3:FIN","A: 0.576 (114)","G: 0.424 (84)","A|A: 0.333 (33)","A|G: 0.485 (48)","G|G: 0.182 (18)",""
"  1000GENOMES:phase_3:GBR","A: 0.698 (127)","G: 0.302 (55)","A|A: 0.473 (43)","A|G: 0.451 (41)","G|G: 0.077 (7)",""
"  1000GENOMES:phase_3:IBS","A: 0.682 (146)","G: 0.318 (68)","A|A: 0.458 (49)","A|G: 0.449 (48)","G|G: 0.093 (10)",""
"  1000GENOMES:phase_3:TSI","A: 0.682 (146)","G: 0.318 (68)","A|A: 0.467 (50)","A|G: 0.430 (46)","G|G: 0.103 (11)",""
"1000GENOMES:phase_3:SAS","A: 0.476 (466)","G: 0.524 (512)","A|A: 0.223 (109)","A|G: 0.507 (248)","G|G: 0.270 (132)",""
"  1000GENOMES:phase_3:BEB","A: 0.483 (83)","G: 0.517 (89)","A|A: 0.233 (20)","A|G: 0.500 (43)","G|G: 0.267 (23)",""
"  1000GENOMES:phase_3:GIH","A: 0.422 (87)","G: 0.578 (119)","A|A: 0.155 (16)","A|G: 0.534 (55)","G|G: 0.311 (32)",""
"  1000GENOMES:phase_3:ITU","A: 0.475 (97)","G: 0.525 (107)","A|A: 0.245 (25)","A|G: 0.461 (47)","G|G: 0.294 (30)",""
"  1000GENOMES:phase_3:PJL","A: 0.516 (99)","G: 0.484 (93)","A|A: 0.240 (23)","A|G: 0.552 (53)","G|G: 0.208 (20)",""
"  1000GENOMES:phase_3:STU","A: 0.490 (100)","G: 0.510 (104)","A|A: 0.245 (25)","A|G: 0.490 (50)","G|G: 0.265 (27)",""
