"Population","Allele: frequency (count)","Genotype: frequency (count)","Genotype detail"
"1000GENOMES:phase_3:ALL","G: 0.979 (4901)A: 0.021 (107)","G|G: 0.960 (2403)A|A: 0.002 (6)A|G: 0.038 (95)","      ShowHide          "
"1000GENOMES:phase_3:AFR","G: 0.921 (1218)A: 0.079 (104)","G|G: 0.852 (563)A|A: 0.009 (6)A|G: 0.139 (92)","      ShowHide          "
"  1000GENOMES:phase_3:ACB","G: 0.943 (181)A: 0.057 (11)","G|G: 0.885 (85)A|G: 0.115 (11)","      ShowHide          "
"  1000GENOMES:phase_3:ASW","G: 0.926 (113)A: 0.074 (9)","G|G: 0.885 (54)A|A: 0.033 (2)A|G: 0.082 (5)","      ShowHide          "
"  1000GENOMES:phase_3:ESN","G: 0.889 (176)A: 0.111 (22)","G|G: 0.778 (77)A|G: 0.222 (22)","      ShowHide          "
"  1000GENOMES:phase_3:LWK","G: 0.909 (180)A: 0.091 (18)","G|G: 0.828 (82)A|A: 0.010 (1)A|G: 0.162 (16)","      ShowHide          "
"  1000GENOMES:phase_3:MAG","G: 0.951 (215)A: 0.049 (11)","G|G: 0.903 (102)A|G: 0.097 (11)","      ShowHide          "
"  1000GENOMES:phase_3:MSL","G: 0.912 (155)A: 0.088 (15)","G|G: 0.835 (71)A|A: 0.012 (1)A|G: 0.153 (13)","      ShowHide          "
"  1000GENOMES:phase_3:YRI","G: 0.917 (198)A: 0.083 (18)","G|G: 0.852 (92)A|A: 0.019 (2)A|G: 0.130 (14)","      ShowHide          "
"1000GENOMES:phase_3:AMR","G: 0.997 (692)A: 0.003 (2)","G|G: 0.994 (345)A|G: 0.006 (2)","      ShowHide          "
"  1000GENOMES:phase_3:CLM","G: 1.000 (188)","G|G: 1.000 (94)","      ShowHide          "
"  1000GENOMES:phase_3:MXL","G: 1.000 (128)","G|G: 1.000 (64)","      ShowHide          "
"  1000GENOMES:phase_3:PEL","G: 1.000 (170)","G|G: 1.000 (85)","      ShowHide          "
"  1000GENOMES:phase_3:PUR","G: 0.990 (206)A: 0.010 (2)","G|G: 0.981 (102)A|G: 0.019 (2)","      ShowHide          "
"1000GENOMES:phase_3:EAS","G: 1.000 (1008)","G|G: 1.000 (504)","      ShowHide          "
"  1000GENOMES:phase_3:CDX","G: 1.000 (186)","G|G: 1.000 (93)","      ShowHide          "
"  1000GENOMES:phase_3:CHB","G: 1.000 (206)","G|G: 1.000 (103)","      ShowHide          "
"  1000GENOMES:phase_3:CHS","G: 1.000 (210)","G|G: 1.000 (105)","      ShowHide          "
"  1000GENOMES:phase_3:JPT","G: 1.000 (208)","G|G: 1.000 (104)","      ShowHide          "
"  1000GENOMES:phase_3:KHV","G: 1.000 (198)","G|G: 1.000 (99)","      ShowHide          "
"1000GENOMES:phase_3:EUR","G: 0.999 (1005)A: 0.001 (1)","G|G: 0.998 (502)A|G: 0.002 (1)","      ShowHide          "
"  1000GENOMES:phase_3:CEU","G: 1.000 (198)","G|G: 1.000 (99)","      ShowHide          "
"  1000GENOMES:phase_3:FIN","G: 1.000 (198)","G|G: 1.000 (99)","      ShowHide          "
"  1000GENOMES:phase_3:GBR","G: 1.000 (182)","G|G: 1.000 (91)","      ShowHide          "
"  1000GENOMES:phase_3:IBS","G: 1.000 (214)","G|G: 1.000 (107)","      ShowHide          "
"  1000GENOMES:phase_3:TSI","G: 0.995 (213)A: 0.005 (1)","G|G: 0.991 (106)A|G: 0.009 (1)","      ShowHide          "
"1000GENOMES:phase_3:SAS","G: 1.000 (978)","G|G: 1.000 (489)","      ShowHide          "
"  1000GENOMES:phase_3:BEB","G: 1.000 (172)","G|G: 1.000 (86)","      ShowHide          "
"  1000GENOMES:phase_3:GIH","G: 1.000 (206)","G|G: 1.000 (103)","      ShowHide          "
"  1000GENOMES:phase_3:ITU","G: 1.000 (204)","G|G: 1.000 (102)","      ShowHide          "
"  1000GENOMES:phase_3:PJL","G: 1.000 (192)","G|G: 1.000 (96)","      ShowHide          "
"  1000GENOMES:phase_3:STU","G: 1.000 (204)","G|G: 1.000 (102)","      ShowHide          "
